<?xml version="1.0" encoding="UTF-8" standalone="no" ?>
<model xmlns:xs="http://www.w3.org/2001/XMLSchema" xmlns:fn="http://dlineage.com" xmlns:mmxml="http://xdtl.org/mmxml" xslt-version="0.0.0" schemaref="schema-Force://Force" name="ReportingAnalysis" implicit-types="yes">
    <object>
        <type>RA Server</type>
        <ptype></ptype>
        <name>Force</name>
        <ref>schema-Force://Force/Salesforce</ref>
        <pref></pref>
    </object>
    <object>
        <type>RA Dataset</type>
        <ptype>RA Server</ptype>
        <name>MatchingRuleItem</name>
        <ref>schema-Force://Force/Salesforce/MatchingRuleItem</ref>
        <pref>schema-Force://Force/Salesforce</pref>
    </object>
    <object>
        <type>RA Field</type>
        <ptype>RA Dataset</ptype>
        <name>Field Name</name>
        <ref>schema-Force://Force/Salesforce/MatchingRuleItem/Field Name</ref>
        <pref>schema-Force://Force/Salesforce/MatchingRuleItem</pref>
    </object>
    <object>
        <type>RA Field</type>
        <ptype>RA Dataset</ptype>
        <name>Id</name>
        <ref>schema-Force://Force/Salesforce/MatchingRuleItem/Id</ref>
        <pref>schema-Force://Force/Salesforce/MatchingRuleItem</pref>
    </object>
    <object>
        <type>RA Field</type>
        <ptype>RA Dataset</ptype>
        <name>IsDeleted</name>
        <ref>schema-Force://Force/Salesforce/MatchingRuleItem/IsDeleted</ref>
        <pref>schema-Force://Force/Salesforce/MatchingRuleItem</pref>
    </object>
    <object>
        <type>RA Field</type>
        <ptype>RA Dataset</ptype>
        <name>CreatedDate</name>
        <ref>schema-Force://Force/Salesforce/MatchingRuleItem/CreatedDate</ref>
        <pref>schema-Force://Force/Salesforce/MatchingRuleItem</pref>
    </object>
    <object>
        <type>RA Field</type>
        <ptype>RA Dataset</ptype>
        <name>CreatedById</name>
        <ref>schema-Force://Force/Salesforce/MatchingRuleItem/CreatedById</ref>
        <pref>schema-Force://Force/Salesforce/MatchingRuleItem</pref>
    </object>
    <object>
        <type>RA Field</type>
        <ptype>RA Dataset</ptype>
        <name>LastModifiedDate</name>
        <ref>schema-Force://Force/Salesforce/MatchingRuleItem/LastModifiedDate</ref>
        <pref>schema-Force://Force/Salesforce/MatchingRuleItem</pref>
    </object>
    <object>
        <type>RA Field</type>
        <ptype>RA Dataset</ptype>
        <name>LastModifiedById</name>
        <ref>schema-Force://Force/Salesforce/MatchingRuleItem/LastModifiedById</ref>
        <pref>schema-Force://Force/Salesforce/MatchingRuleItem</pref>
    </object>
    <object>
        <type>RA Field</type>
        <ptype>RA Dataset</ptype>
        <name>SystemModstamp</name>
        <ref>schema-Force://Force/Salesforce/MatchingRuleItem/SystemModstamp</ref>
        <pref>schema-Force://Force/Salesforce/MatchingRuleItem</pref>
    </object>
    <object>
        <type>RA Field</type>
        <ptype>RA Dataset</ptype>
        <name>MatchingRuleId</name>
        <ref>schema-Force://Force/Salesforce/MatchingRuleItem/MatchingRuleId</ref>
        <pref>schema-Force://Force/Salesforce/MatchingRuleItem</pref>
    </object>
    <object>
        <type>RA Field</type>
        <ptype>RA Dataset</ptype>
        <name>SortOrder</name>
        <ref>schema-Force://Force/Salesforce/MatchingRuleItem/SortOrder</ref>
        <pref>schema-Force://Force/Salesforce/MatchingRuleItem</pref>
    </object>
    <object>
        <type>RA Field</type>
        <ptype>RA Dataset</ptype>
        <name>Field</name>
        <ref>schema-Force://Force/Salesforce/MatchingRuleItem/Field</ref>
        <pref>schema-Force://Force/Salesforce/MatchingRuleItem</pref>
    </object>
    <object>
        <type>RA Field</type>
        <ptype>RA Dataset</ptype>
        <name>MatchingMethod</name>
        <ref>schema-Force://Force/Salesforce/MatchingRuleItem/MatchingMethod</ref>
        <pref>schema-Force://Force/Salesforce/MatchingRuleItem</pref>
    </object>
    <object>
        <type>RA Field</type>
        <ptype>RA Dataset</ptype>
        <name>BlankValueBehavior</name>
        <ref>schema-Force://Force/Salesforce/MatchingRuleItem/BlankValueBehavior</ref>
        <pref>schema-Force://Force/Salesforce/MatchingRuleItem</pref>
    </object>
    <object>
        <type>RA Dataset</type>
        <ptype>RA Server</ptype>
        <name>Name</name>
        <ref>schema-Force://Force/Salesforce/Name</ref>
        <pref>schema-Force://Force/Salesforce</pref>
    </object>
    <object>
        <type>RA Field</type>
        <ptype>RA Dataset</ptype>
        <name>Field Name</name>
        <ref>schema-Force://Force/Salesforce/Name/Field Name</ref>
        <pref>schema-Force://Force/Salesforce/Name</pref>
    </object>
    <object>
        <type>RA Field</type>
        <ptype>RA Dataset</ptype>
        <name>Id</name>
        <ref>schema-Force://Force/Salesforce/Name/Id</ref>
        <pref>schema-Force://Force/Salesforce/Name</pref>
    </object>
    <object>
        <type>RA Field</type>
        <ptype>RA Dataset</ptype>
        <name>Name</name>
        <ref>schema-Force://Force/Salesforce/Name/Name</ref>
        <pref>schema-Force://Force/Salesforce/Name</pref>
    </object>
    <object>
        <type>RA Field</type>
        <ptype>RA Dataset</ptype>
        <name>LastName</name>
        <ref>schema-Force://Force/Salesforce/Name/LastName</ref>
        <pref>schema-Force://Force/Salesforce/Name</pref>
    </object>
    <object>
        <type>RA Field</type>
        <ptype>RA Dataset</ptype>
        <name>FirstName</name>
        <ref>schema-Force://Force/Salesforce/Name/FirstName</ref>
        <pref>schema-Force://Force/Salesforce/Name</pref>
    </object>
    <object>
        <type>RA Field</type>
        <ptype>RA Dataset</ptype>
        <name>Type</name>
        <ref>schema-Force://Force/Salesforce/Name/Type</ref>
        <pref>schema-Force://Force/Salesforce/Name</pref>
    </object>
    <object>
        <type>RA Field</type>
        <ptype>RA Dataset</ptype>
        <name>Alias</name>
        <ref>schema-Force://Force/Salesforce/Name/Alias</ref>
        <pref>schema-Force://Force/Salesforce/Name</pref>
    </object>
    <object>
        <type>RA Field</type>
        <ptype>RA Dataset</ptype>
        <name>UserRoleId</name>
        <ref>schema-Force://Force/Salesforce/Name/UserRoleId</ref>
        <pref>schema-Force://Force/Salesforce/Name</pref>
    </object>
    <object>
        <type>RA Field</type>
        <ptype>RA Dataset</ptype>
        <name>RecordTypeId</name>
        <ref>schema-Force://Force/Salesforce/Name/RecordTypeId</ref>
        <pref>schema-Force://Force/Salesforce/Name</pref>
    </object>
    <object>
        <type>RA Field</type>
        <ptype>RA Dataset</ptype>
        <name>IsActive</name>
        <ref>schema-Force://Force/Salesforce/Name/IsActive</ref>
        <pref>schema-Force://Force/Salesforce/Name</pref>
    </object>
    <object>
        <type>RA Field</type>
        <ptype>RA Dataset</ptype>
        <name>ProfileId</name>
        <ref>schema-Force://Force/Salesforce/Name/ProfileId</ref>
        <pref>schema-Force://Force/Salesforce/Name</pref>
    </object>
    <object>
        <type>RA Field</type>
        <ptype>RA Dataset</ptype>
        <name>Title</name>
        <ref>schema-Force://Force/Salesforce/Name/Title</ref>
        <pref>schema-Force://Force/Salesforce/Name</pref>
    </object>
    <object>
        <type>RA Field</type>
        <ptype>RA Dataset</ptype>
        <name>Email</name>
        <ref>schema-Force://Force/Salesforce/Name/Email</ref>
        <pref>schema-Force://Force/Salesforce/Name</pref>
    </object>
    <object>
        <type>RA Field</type>
        <ptype>RA Dataset</ptype>
        <name>Phone</name>
        <ref>schema-Force://Force/Salesforce/Name/Phone</ref>
        <pref>schema-Force://Force/Salesforce/Name</pref>
    </object>
    <object>
        <type>RA Field</type>
        <ptype>RA Dataset</ptype>
        <name>NameOrAlias</name>
        <ref>schema-Force://Force/Salesforce/Name/NameOrAlias</ref>
        <pref>schema-Force://Force/Salesforce/Name</pref>
    </object>
    <object>
        <type>RA Field</type>
        <ptype>RA Dataset</ptype>
        <name>Username</name>
        <ref>schema-Force://Force/Salesforce/Name/Username</ref>
        <pref>schema-Force://Force/Salesforce/Name</pref>
    </object>
    <object>
        <type>RA Field</type>
        <ptype>RA Dataset</ptype>
        <name>LastViewedDate</name>
        <ref>schema-Force://Force/Salesforce/Name/LastViewedDate</ref>
        <pref>schema-Force://Force/Salesforce/Name</pref>
    </object>
    <object>
        <type>RA Field</type>
        <ptype>RA Dataset</ptype>
        <name>LastReferencedDate</name>
        <ref>schema-Force://Force/Salesforce/Name/LastReferencedDate</ref>
        <pref>schema-Force://Force/Salesforce/Name</pref>
    </object>
    <object>
        <type>RA Dataset</type>
        <ptype>RA Server</ptype>
        <name>NamedCredential</name>
        <ref>schema-Force://Force/Salesforce/NamedCredential</ref>
        <pref>schema-Force://Force/Salesforce</pref>
    </object>
    <object>
        <type>RA Field</type>
        <ptype>RA Dataset</ptype>
        <name>Field Name</name>
        <ref>schema-Force://Force/Salesforce/NamedCredential/Field Name</ref>
        <pref>schema-Force://Force/Salesforce/NamedCredential</pref>
    </object>
    <object>
        <type>RA Field</type>
        <ptype>RA Dataset</ptype>
        <name>Id</name>
        <ref>schema-Force://Force/Salesforce/NamedCredential/Id</ref>
        <pref>schema-Force://Force/Salesforce/NamedCredential</pref>
    </object>
    <object>
        <type>RA Field</type>
        <ptype>RA Dataset</ptype>
        <name>IsDeleted</name>
        <ref>schema-Force://Force/Salesforce/NamedCredential/IsDeleted</ref>
        <pref>schema-Force://Force/Salesforce/NamedCredential</pref>
    </object>
    <object>
        <type>RA Field</type>
        <ptype>RA Dataset</ptype>
        <name>DeveloperName</name>
        <ref>schema-Force://Force/Salesforce/NamedCredential/DeveloperName</ref>
        <pref>schema-Force://Force/Salesforce/NamedCredential</pref>
    </object>
    <object>
        <type>RA Field</type>
        <ptype>RA Dataset</ptype>
        <name>Language</name>
        <ref>schema-Force://Force/Salesforce/NamedCredential/Language</ref>
        <pref>schema-Force://Force/Salesforce/NamedCredential</pref>
    </object>
    <object>
        <type>RA Field</type>
        <ptype>RA Dataset</ptype>
        <name>MasterLabel</name>
        <ref>schema-Force://Force/Salesforce/NamedCredential/MasterLabel</ref>
        <pref>schema-Force://Force/Salesforce/NamedCredential</pref>
    </object>
    <object>
        <type>RA Field</type>
        <ptype>RA Dataset</ptype>
        <name>NamespacePrefix</name>
        <ref>schema-Force://Force/Salesforce/NamedCredential/NamespacePrefix</ref>
        <pref>schema-Force://Force/Salesforce/NamedCredential</pref>
    </object>
    <object>
        <type>RA Field</type>
        <ptype>RA Dataset</ptype>
        <name>CreatedDate</name>
        <ref>schema-Force://Force/Salesforce/NamedCredential/CreatedDate</ref>
        <pref>schema-Force://Force/Salesforce/NamedCredential</pref>
    </object>
    <object>
        <type>RA Field</type>
        <ptype>RA Dataset</ptype>
        <name>CreatedById</name>
        <ref>schema-Force://Force/Salesforce/NamedCredential/CreatedById</ref>
        <pref>schema-Force://Force/Salesforce/NamedCredential</pref>
    </object>
    <object>
        <type>RA Field</type>
        <ptype>RA Dataset</ptype>
        <name>LastModifiedDate</name>
        <ref>schema-Force://Force/Salesforce/NamedCredential/LastModifiedDate</ref>
        <pref>schema-Force://Force/Salesforce/NamedCredential</pref>
    </object>
    <object>
        <type>RA Field</type>
        <ptype>RA Dataset</ptype>
        <name>LastModifiedById</name>
        <ref>schema-Force://Force/Salesforce/NamedCredential/LastModifiedById</ref>
        <pref>schema-Force://Force/Salesforce/NamedCredential</pref>
    </object>
    <object>
        <type>RA Field</type>
        <ptype>RA Dataset</ptype>
        <name>SystemModstamp</name>
        <ref>schema-Force://Force/Salesforce/NamedCredential/SystemModstamp</ref>
        <pref>schema-Force://Force/Salesforce/NamedCredential</pref>
    </object>
    <object>
        <type>RA Field</type>
        <ptype>RA Dataset</ptype>
        <name>Endpoint</name>
        <ref>schema-Force://Force/Salesforce/NamedCredential/Endpoint</ref>
        <pref>schema-Force://Force/Salesforce/NamedCredential</pref>
    </object>
    <object>
        <type>RA Field</type>
        <ptype>RA Dataset</ptype>
        <name>PrincipalType</name>
        <ref>schema-Force://Force/Salesforce/NamedCredential/PrincipalType</ref>
        <pref>schema-Force://Force/Salesforce/NamedCredential</pref>
    </object>
    <object>
        <type>RA Field</type>
        <ptype>RA Dataset</ptype>
        <name>CalloutOptionsGenerateAuthorizationHeader</name>
        <ref>schema-Force://Force/Salesforce/NamedCredential/CalloutOptionsGenerateAuthorizationHeader</ref>
        <pref>schema-Force://Force/Salesforce/NamedCredential</pref>
    </object>
    <object>
        <type>RA Field</type>
        <ptype>RA Dataset</ptype>
        <name>CalloutOptionsAllowMergeFieldsInHeader</name>
        <ref>schema-Force://Force/Salesforce/NamedCredential/CalloutOptionsAllowMergeFieldsInHeader</ref>
        <pref>schema-Force://Force/Salesforce/NamedCredential</pref>
    </object>
    <object>
        <type>RA Field</type>
        <ptype>RA Dataset</ptype>
        <name>CalloutOptionsAllowMergeFieldsInBody</name>
        <ref>schema-Force://Force/Salesforce/NamedCredential/CalloutOptionsAllowMergeFieldsInBody</ref>
        <pref>schema-Force://Force/Salesforce/NamedCredential</pref>
    </object>
    <object>
        <type>RA Field</type>
        <ptype>RA Dataset</ptype>
        <name>AuthProviderId</name>
        <ref>schema-Force://Force/Salesforce/NamedCredential/AuthProviderId</ref>
        <pref>schema-Force://Force/Salesforce/NamedCredential</pref>
    </object>
    <relation>
        <type>10</type>
        <rtype>1707</rtype>
        <reltype>1706</reltype>
        <ref>schema-Force://Force/Salesforce/MatchingRuleItem/Field Name</ref>
        <relref>schema-Force://Force/Salesforce/MatchingRuleItem</relref>
    </relation>
    <relation>
        <type>10</type>
        <rtype>1707</rtype>
        <reltype>1706</reltype>
        <ref>schema-Force://Force/Salesforce/MatchingRuleItem/Id</ref>
        <relref>schema-Force://Force/Salesforce/MatchingRuleItem</relref>
    </relation>
    <relation>
        <type>10</type>
        <rtype>1707</rtype>
        <reltype>1706</reltype>
        <ref>schema-Force://Force/Salesforce/MatchingRuleItem/IsDeleted</ref>
        <relref>schema-Force://Force/Salesforce/MatchingRuleItem</relref>
    </relation>
    <relation>
        <type>10</type>
        <rtype>1707</rtype>
        <reltype>1706</reltype>
        <ref>schema-Force://Force/Salesforce/MatchingRuleItem/CreatedDate</ref>
        <relref>schema-Force://Force/Salesforce/MatchingRuleItem</relref>
    </relation>
    <relation>
        <type>10</type>
        <rtype>1707</rtype>
        <reltype>1706</reltype>
        <ref>schema-Force://Force/Salesforce/MatchingRuleItem/CreatedById</ref>
        <relref>schema-Force://Force/Salesforce/MatchingRuleItem</relref>
    </relation>
    <relation>
        <type>10</type>
        <rtype>1707</rtype>
        <reltype>1706</reltype>
        <ref>schema-Force://Force/Salesforce/MatchingRuleItem/LastModifiedDate</ref>
        <relref>schema-Force://Force/Salesforce/MatchingRuleItem</relref>
    </relation>
    <relation>
        <type>10</type>
        <rtype>1707</rtype>
        <reltype>1706</reltype>
        <ref>schema-Force://Force/Salesforce/MatchingRuleItem/LastModifiedById</ref>
        <relref>schema-Force://Force/Salesforce/MatchingRuleItem</relref>
    </relation>
    <relation>
        <type>10</type>
        <rtype>1707</rtype>
        <reltype>1706</reltype>
        <ref>schema-Force://Force/Salesforce/MatchingRuleItem/SystemModstamp</ref>
        <relref>schema-Force://Force/Salesforce/MatchingRuleItem</relref>
    </relation>
    <relation>
        <type>10</type>
        <rtype>1707</rtype>
        <reltype>1706</reltype>
        <ref>schema-Force://Force/Salesforce/MatchingRuleItem/MatchingRuleId</ref>
        <relref>schema-Force://Force/Salesforce/MatchingRuleItem</relref>
    </relation>
    <relation>
        <type>10</type>
        <rtype>1707</rtype>
        <reltype>1706</reltype>
        <ref>schema-Force://Force/Salesforce/MatchingRuleItem/SortOrder</ref>
        <relref>schema-Force://Force/Salesforce/MatchingRuleItem</relref>
    </relation>
    <relation>
        <type>10</type>
        <rtype>1707</rtype>
        <reltype>1706</reltype>
        <ref>schema-Force://Force/Salesforce/MatchingRuleItem/Field</ref>
        <relref>schema-Force://Force/Salesforce/MatchingRuleItem</relref>
    </relation>
    <relation>
        <type>10</type>
        <rtype>1707</rtype>
        <reltype>1706</reltype>
        <ref>schema-Force://Force/Salesforce/MatchingRuleItem/MatchingMethod</ref>
        <relref>schema-Force://Force/Salesforce/MatchingRuleItem</relref>
    </relation>
    <relation>
        <type>10</type>
        <rtype>1707</rtype>
        <reltype>1706</reltype>
        <ref>schema-Force://Force/Salesforce/MatchingRuleItem/BlankValueBehavior</ref>
        <relref>schema-Force://Force/Salesforce/MatchingRuleItem</relref>
    </relation>
    <relation>
        <type>10</type>
        <rtype>1707</rtype>
        <reltype>1706</reltype>
        <ref>schema-Force://Force/Salesforce/Name/Field Name</ref>
        <relref>schema-Force://Force/Salesforce/Name</relref>
    </relation>
    <relation>
        <type>10</type>
        <rtype>1707</rtype>
        <reltype>1706</reltype>
        <ref>schema-Force://Force/Salesforce/Name/Id</ref>
        <relref>schema-Force://Force/Salesforce/Name</relref>
    </relation>
    <relation>
        <type>10</type>
        <rtype>1707</rtype>
        <reltype>1706</reltype>
        <ref>schema-Force://Force/Salesforce/Name/Name</ref>
        <relref>schema-Force://Force/Salesforce/Name</relref>
    </relation>
    <relation>
        <type>10</type>
        <rtype>1707</rtype>
        <reltype>1706</reltype>
        <ref>schema-Force://Force/Salesforce/Name/LastName</ref>
        <relref>schema-Force://Force/Salesforce/Name</relref>
    </relation>
    <relation>
        <type>10</type>
        <rtype>1707</rtype>
        <reltype>1706</reltype>
        <ref>schema-Force://Force/Salesforce/Name/FirstName</ref>
        <relref>schema-Force://Force/Salesforce/Name</relref>
    </relation>
    <relation>
        <type>10</type>
        <rtype>1707</rtype>
        <reltype>1706</reltype>
        <ref>schema-Force://Force/Salesforce/Name/Type</ref>
        <relref>schema-Force://Force/Salesforce/Name</relref>
    </relation>
    <relation>
        <type>10</type>
        <rtype>1707</rtype>
        <reltype>1706</reltype>
        <ref>schema-Force://Force/Salesforce/Name/Alias</ref>
        <relref>schema-Force://Force/Salesforce/Name</relref>
    </relation>
    <relation>
        <type>10</type>
        <rtype>1707</rtype>
        <reltype>1706</reltype>
        <ref>schema-Force://Force/Salesforce/Name/UserRoleId</ref>
        <relref>schema-Force://Force/Salesforce/Name</relref>
    </relation>
    <relation>
        <type>10</type>
        <rtype>1707</rtype>
        <reltype>1706</reltype>
        <ref>schema-Force://Force/Salesforce/Name/RecordTypeId</ref>
        <relref>schema-Force://Force/Salesforce/Name</relref>
    </relation>
    <relation>
        <type>10</type>
        <rtype>1707</rtype>
        <reltype>1706</reltype>
        <ref>schema-Force://Force/Salesforce/Name/IsActive</ref>
        <relref>schema-Force://Force/Salesforce/Name</relref>
    </relation>
    <relation>
        <type>10</type>
        <rtype>1707</rtype>
        <reltype>1706</reltype>
        <ref>schema-Force://Force/Salesforce/Name/ProfileId</ref>
        <relref>schema-Force://Force/Salesforce/Name</relref>
    </relation>
    <relation>
        <type>10</type>
        <rtype>1707</rtype>
        <reltype>1706</reltype>
        <ref>schema-Force://Force/Salesforce/Name/Title</ref>
        <relref>schema-Force://Force/Salesforce/Name</relref>
    </relation>
    <relation>
        <type>10</type>
        <rtype>1707</rtype>
        <reltype>1706</reltype>
        <ref>schema-Force://Force/Salesforce/Name/Email</ref>
        <relref>schema-Force://Force/Salesforce/Name</relref>
    </relation>
    <relation>
        <type>10</type>
        <rtype>1707</rtype>
        <reltype>1706</reltype>
        <ref>schema-Force://Force/Salesforce/Name/Phone</ref>
        <relref>schema-Force://Force/Salesforce/Name</relref>
    </relation>
    <relation>
        <type>10</type>
        <rtype>1707</rtype>
        <reltype>1706</reltype>
        <ref>schema-Force://Force/Salesforce/Name/NameOrAlias</ref>
        <relref>schema-Force://Force/Salesforce/Name</relref>
    </relation>
    <relation>
        <type>10</type>
        <rtype>1707</rtype>
        <reltype>1706</reltype>
        <ref>schema-Force://Force/Salesforce/Name/Username</ref>
        <relref>schema-Force://Force/Salesforce/Name</relref>
    </relation>
    <relation>
        <type>10</type>
        <rtype>1707</rtype>
        <reltype>1706</reltype>
        <ref>schema-Force://Force/Salesforce/Name/LastViewedDate</ref>
        <relref>schema-Force://Force/Salesforce/Name</relref>
    </relation>
    <relation>
        <type>10</type>
        <rtype>1707</rtype>
        <reltype>1706</reltype>
        <ref>schema-Force://Force/Salesforce/Name/LastReferencedDate</ref>
        <relref>schema-Force://Force/Salesforce/Name</relref>
    </relation>
    <relation>
        <type>10</type>
        <rtype>1707</rtype>
        <reltype>1706</reltype>
        <ref>schema-Force://Force/Salesforce/NamedCredential/Field Name</ref>
        <relref>schema-Force://Force/Salesforce/NamedCredential</relref>
    </relation>
    <relation>
        <type>10</type>
        <rtype>1707</rtype>
        <reltype>1706</reltype>
        <ref>schema-Force://Force/Salesforce/NamedCredential/Id</ref>
        <relref>schema-Force://Force/Salesforce/NamedCredential</relref>
    </relation>
    <relation>
        <type>10</type>
        <rtype>1707</rtype>
        <reltype>1706</reltype>
        <ref>schema-Force://Force/Salesforce/NamedCredential/IsDeleted</ref>
        <relref>schema-Force://Force/Salesforce/NamedCredential</relref>
    </relation>
    <relation>
        <type>10</type>
        <rtype>1707</rtype>
        <reltype>1706</reltype>
        <ref>schema-Force://Force/Salesforce/NamedCredential/DeveloperName</ref>
        <relref>schema-Force://Force/Salesforce/NamedCredential</relref>
    </relation>
    <relation>
        <type>10</type>
        <rtype>1707</rtype>
        <reltype>1706</reltype>
        <ref>schema-Force://Force/Salesforce/NamedCredential/Language</ref>
        <relref>schema-Force://Force/Salesforce/NamedCredential</relref>
    </relation>
    <relation>
        <type>10</type>
        <rtype>1707</rtype>
        <reltype>1706</reltype>
        <ref>schema-Force://Force/Salesforce/NamedCredential/MasterLabel</ref>
        <relref>schema-Force://Force/Salesforce/NamedCredential</relref>
    </relation>
    <relation>
        <type>10</type>
        <rtype>1707</rtype>
        <reltype>1706</reltype>
        <ref>schema-Force://Force/Salesforce/NamedCredential/NamespacePrefix</ref>
        <relref>schema-Force://Force/Salesforce/NamedCredential</relref>
    </relation>
    <relation>
        <type>10</type>
        <rtype>1707</rtype>
        <reltype>1706</reltype>
        <ref>schema-Force://Force/Salesforce/NamedCredential/CreatedDate</ref>
        <relref>schema-Force://Force/Salesforce/NamedCredential</relref>
    </relation>
    <relation>
        <type>10</type>
        <rtype>1707</rtype>
        <reltype>1706</reltype>
        <ref>schema-Force://Force/Salesforce/NamedCredential/CreatedById</ref>
        <relref>schema-Force://Force/Salesforce/NamedCredential</relref>
    </relation>
    <relation>
        <type>10</type>
        <rtype>1707</rtype>
        <reltype>1706</reltype>
        <ref>schema-Force://Force/Salesforce/NamedCredential/LastModifiedDate</ref>
        <relref>schema-Force://Force/Salesforce/NamedCredential</relref>
    </relation>
    <relation>
        <type>10</type>
        <rtype>1707</rtype>
        <reltype>1706</reltype>
        <ref>schema-Force://Force/Salesforce/NamedCredential/LastModifiedById</ref>
        <relref>schema-Force://Force/Salesforce/NamedCredential</relref>
    </relation>
    <relation>
        <type>10</type>
        <rtype>1707</rtype>
        <reltype>1706</reltype>
        <ref>schema-Force://Force/Salesforce/NamedCredential/SystemModstamp</ref>
        <relref>schema-Force://Force/Salesforce/NamedCredential</relref>
    </relation>
    <relation>
        <type>10</type>
        <rtype>1707</rtype>
        <reltype>1706</reltype>
        <ref>schema-Force://Force/Salesforce/NamedCredential/Endpoint</ref>
        <relref>schema-Force://Force/Salesforce/NamedCredential</relref>
    </relation>
    <relation>
        <type>10</type>
        <rtype>1707</rtype>
        <reltype>1706</reltype>
        <ref>schema-Force://Force/Salesforce/NamedCredential/PrincipalType</ref>
        <relref>schema-Force://Force/Salesforce/NamedCredential</relref>
    </relation>
    <relation>
        <type>10</type>
        <rtype>1707</rtype>
        <reltype>1706</reltype>
        <ref>schema-Force://Force/Salesforce/NamedCredential/CalloutOptionsGenerateAuthorizationHeader</ref>
        <relref>schema-Force://Force/Salesforce/NamedCredential</relref>
    </relation>
    <relation>
        <type>10</type>
        <rtype>1707</rtype>
        <reltype>1706</reltype>
        <ref>schema-Force://Force/Salesforce/NamedCredential/CalloutOptionsAllowMergeFieldsInHeader</ref>
        <relref>schema-Force://Force/Salesforce/NamedCredential</relref>
    </relation>
    <relation>
        <type>10</type>
        <rtype>1707</rtype>
        <reltype>1706</reltype>
        <ref>schema-Force://Force/Salesforce/NamedCredential/CalloutOptionsAllowMergeFieldsInBody</ref>
        <relref>schema-Force://Force/Salesforce/NamedCredential</relref>
    </relation>
    <relation>
        <type>10</type>
        <rtype>1707</rtype>
        <reltype>1706</reltype>
        <ref>schema-Force://Force/Salesforce/NamedCredential/AuthProviderId</ref>
        <relref>schema-Force://Force/Salesforce/NamedCredential</relref>
    </relation>
</model>
